"pause","study","Location","plot","Site","Rep","depth.in","soil.mass","Cup.Label","sample.id","mL_water","start","end","ppm.approx","readtime","readdate","temp1_C","temp2_C","NOTES","time","ppm","line","ppm.corr","days","ugC.L","ugC.g.day"
1,"RTNC25","GM","105","1","1","6",10.0141,"001a","RTNC25-1.1.6","2.151",2025-12-02 09:00:00,2025-12-02 09:02:00,NA,"9:01",12022025,26,26,"","09:01:00",5268.97666666667,240,4570.54718518519,1.00002314814815,2241.78367124628,208.640055681642
2,"RTNC25","GM","105","1","1","6",9.9966,"001b","RTNC25-1.1.6","2.151",2025-12-02 09:02:00,2025-12-02 09:04:00,4434,"9:03",12022025,26,26,"","09:03:03",4589.575,399,3891.14551851852,1.00002314814815,1908.54751792799,177.937127294169
3,"RTNC25","GM","105","1","1","6",9.9783,"001c","RTNC25-1.1.6","2.151",2025-12-02 09:04:00,2025-12-02 09:06:00,5506,"9:05",12022025,26,26,"","09:05:02",5690.825,529,4992.39551851852,1.00002314814815,2448.69384350628,228.714576846542
4,"RTNC25","GM","205","1","2","6",10.0253,"002a","RTNC25-1.2.6","2.151",2025-12-02 09:06:00,2025-12-02 09:08:00,3808,"9:07",12022025,26,26,"","09:07:02",3582.41833333333,644,2883.98885185185,1.00002314814815,1414.55253696847,131.503592356798
5,"RTNC25","GM","205","1","2","6",9.9904,"002b","RTNC25-1.2.6","2.151",2025-12-02 09:08:00,2025-12-02 09:10:00,4723,"9:09",12022025,26,26,"","09:09:05",4437.41,791,3738.98051851852,1.00002314814815,1833.91290668475,171.084924430472
6,"RTNC25","GM","205","1","2","6",9.9806,"002c","RTNC25-1.2.6","2.151",2025-12-02 09:10:00,2025-12-02 09:12:00,4004,"9:11",12022025,26,26,"","09:11:03",3556.99666666667,925,2858.56718518519,1.00002314814815,1402.0835972726,130.928191958205
7,"RTNC25","GM","312","1","3","6",9.9928,"003a","RTNC25-1.3.6","2.151",2025-12-02 09:12:00,2025-12-02 09:14:00,4723,"9:13",12022025,26,26,"","09:13:05",4922.13833333333,1071,4223.70885185185,1.00002314814815,2071.66475971875,193.218272762176
8,"RTNC25","GM","312","1","3","6",10.0171,"003b","RTNC25-1.3.6","2.151",2025-12-02 09:14:00,2025-12-02 09:16:00,4723,"9:15",12022025,26,26,"","09:15:08",4351.49833333333,1201,3653.06885185185,1.00002314814815,1791.77454475575,166.708316350277
9,"RTNC25","GM","312","1","3","6",9.9898,"003c","RTNC25-1.3.6","2.151",2025-12-02 09:16:00,2025-12-02 09:18:00,4527,"9:17",12022025,26,26,"","09:17:08",4705,1343,4006.57051851852,1.00002314814815,1965.16171963503,183.340079150718
10,"RTNC25","GM","409","1","4","6",10.0021,"004a","RTNC25-1.4.6","2.151",2025-12-02 09:18:00,2025-12-02 09:20:00,4200,"9:19",12022025,26,26,"","09:19:04",4361.495,1469,3663.06551851852,1.00002314814815,1796.67775725794,167.415209782386
11,"RTNC25","GM","409","1","4","6",10.0433,"004b","RTNC25-1.4.6","2.151",2025-12-02 09:20:00,2025-12-02 09:22:00,4527,"9:21",12022025,26,26,"","09:21:02",4724.3,1595,4025.87051851852,1.00002314814815,1974.62807521611,183.241899186663
12,"RTNC25","GM","409","1","4","6",10.0022,"004c","RTNC25-1.4.6","2.151",2025-12-02 09:22:00,2025-12-02 09:24:00,6028,"9:23",12022025,26,26,"","09:23:01",5740.64666666667,1727,5042.21718518519,1.00002314814815,2473.13061098341,230.445075027148
13,"RTNC25","GM","105","1","1","12",9.9674,"005a","RTNC25-1.1.12","2.151",2025-12-02 09:24:00,2025-12-02 09:26:00,2503,"9:25",12022025,26,26,"","09:25:03",2629.61333333333,1875,1931.18385185185,1.00002314814815,947.216219381524,88.5692875236853
14,"RTNC25","GM","105","1","1","12",9.9819,"005b","RTNC25-1.1.12","2.151",2025-12-02 09:26:00,2025-12-02 09:28:00,2598,"9:27",12022025,26,26,"","09:27:02",2639.76666666667,2005,1941.33718518519,1.00002314814815,952.19627449378,88.9056119404325
15,"RTNC25","GM","105","1","1","12",10.0015,"005c","RTNC25-1.1.12","2.151",2025-12-02 09:28:00,2025-12-02 09:30:00,2503,"9:29",12022025,26,26,"","09:29:09",2349.14833333333,2150,1650.71885185185,1.00002314814815,809.652415337652,75.4482878662892
16,"RTNC25","GM","205","1","2","12",10.0009,"006a","RTNC25-1.2.12","2.151",2025-12-02 09:30:00,2025-12-02 09:32:00,2437,"9:31",12022025,26,26,"","09:31:04",2533.57666666667,2287,1835.14718518519,1.00002314814815,900.111699408052,83.882860927347
17,"RTNC25","GM","205","1","2","12",10.0007,"006b","RTNC25-1.2.12","2.151",2025-12-02 09:32:00,2025-12-02 09:34:00,2568,"9:33",12022025,26,26,"","09:33:04",2388.91166666667,2433,1690.48218518519,1.00002314814815,829.155723753311,77.2719044204992
18,"RTNC25","GM","205","1","2","12",10.0387,"006c","RTNC25-1.2.12","2.151",2025-12-02 09:34:00,2025-12-02 09:36:00,2568,"9:35",12022025,26,26,"","09:35:04",2375.16833333333,2557,1676.73885185185,1.00002314814815,822.414828406026,76.3535736773104
19,"RTNC25","GM","312","1","3","12",10.0159,"007a","RTNC25-1.3.12","2.151",2025-12-02 09:36:00,2025-12-02 09:38:00,1850,"9:37",12022025,26,26,"","09:36:59",1656.755,2687,958.325518518519,1.00002314814815,470.044047705504,43.7385609342675
20,"RTNC25","GM","312","1","3","12",9.9863,"007b","RTNC25-1.3.12","2.151",2025-12-02 09:38:00,2025-12-02 09:40:00,2437,"9:39",12022025,26,26,"","09:39:04",2221.82,2839,1523.39051851852,1.00002314814815,747.199810214376,69.7345586573404
21,"RTNC25","GM","312","1","3","12",10.0122,"007c","RTNC25-1.3.12","2.151",2025-12-02 09:40:00,2025-12-02 09:42:00,2374,"9:41",12022025,26,26,"","09:41:06",2506.77666666667,2989,1808.34718518519,1.00002314814815,886.966708238473,82.5645684343358
22,"RTNC25","GM","409","1","4","12",9.9874,"008a","RTNC25-1.4.12","2.151",2025-12-02 09:42:00,2025-12-02 09:44:00,2176,"9:43",12022025,26,26,"","09:43:04",2020.295,3118,1321.86551851852,1.00002314814815,648.354871951343,60.5029077296045
23,"RTNC25","GM","409","1","4","12",10.013,"008b","RTNC25-1.4.12","2.151",2025-12-02 09:44:00,2025-12-02 09:46:00,2241,"9:45",12022025,26,26,"","09:45:05",2077.155,3245,1378.72551851852,1.00002314814815,676.243834559635,62.9440980534885
24,"RTNC25","GM","409","1","4","12",10.0065,"008c","RTNC25-1.4.12","2.151",2025-12-02 09:46:00,2025-12-02 09:48:00,2503,"9:47",12022025,26,26,"","09:47:06",2282.45833333333,3387,1584.02885185185,1.00002314814815,776.941987684697,72.3639566803716
25,"blank","blank","blank","blank","blank","blank",NA,"blank","blank","",2025-12-02 09:48:00,2025-12-02 09:50:00,870,"9:49",12022025,26,26,"","09:49:05",704.172333333333,3518,5.74285185185181,1.00002314814815,2.8167812268951,NA
26,"blank","blank","blank","blank","blank","blank",NA,"blank","blank","",2025-12-02 09:50:00,2025-12-02 09:52:00,544,"9:51",12022025,26,26,"","09:51:12",706.176166666667,3666,7.74668518518513,1.00002314814815,3.79963090868514,NA
27,"blank","blank","blank","blank","blank","blank",NA,"blank","blank","",2025-12-02 09:52:00,2025-12-02 09:54:00,544,"9:53",12022025,26,26,"","09:53:02",709.913833333333,3793,11.4843518518518,1.00002314814815,5.63289939107919,NA
28,"RTNC25","Harmony","105","2","1","6",9.9895,"009a","RTNC25-2.1.6","2.19",2025-12-02 09:54:00,2025-12-02 09:56:00,3090,"9:55",12022025,26,26,"","09:55:13",2881.27666666667,3971,2182.84718518519,1.00002314814815,1070.65324529098,99.889766716171
29,"RTNC25","Harmony","105","2","1","6",10.0358,"009b","RTNC25-2.1.6","2.19",2025-12-02 09:56:00,2025-12-02 09:58:00,3874,"9:57",12022025,26,26,"","09:57:09",4028.12833333333,4100,3329.69885185185,1.00002314814815,1633.16649272193,151.668145162004
30,"RTNC25","Harmony","105","2","1","6",10.0134,"009c","RTNC25-2.1.6","2.19",2025-12-02 09:58:00,2025-12-02 10:00:00,3678,"9:59",12022025,26,26,"","09:59:15",3811.145,4248,3112.71551851852,1.00002314814815,1526.73947777371,142.101703046427
31,"RTNC25","Harmony","205","2","2","6",10.0034,"010a","RTNC25-2.2.6","2.19",2025-12-02 10:00:00,2025-12-02 10:02:00,5375,"10:01",12022025,26,26,"","10:01:03",5222.945,4362,4524.51551851852,1.00002314814815,2219.20584095321,206.759686083571
32,"RTNC25","Harmony","205","2","2","6",10.0247,"010b","RTNC25-2.2.6","2.19",2025-12-02 10:02:00,2025-12-02 10:04:00,5114,"10:03",12022025,26,26,"","10:03:02",5294.365,4491,4595.93551851852,1.00002314814815,2254.23626145065,209.577163972189
33,"RTNC25","Harmony","205","2","2","6",10.0582,"010c","RTNC25-2.2.6","2.19",2025-12-02 10:04:00,2025-12-02 10:06:00,4527,"10:05",12022025,26,26,"","10:05:01",4734.00333333333,4631,4035.57385185185,1.00002314814815,1979.38741219305,183.411452164793
34,"RTNC25","Harmony","312","2","3","6",10.0112,"011a","RTNC25-2.3.6","2.19",2025-12-02 10:06:00,2025-12-02 10:08:00,3743,"10:07",12022025,26,26,"","10:07:04",3925.815,4758,3227.38551851852,1.00002314814815,1582.98336349817,147.368996202283
35,"RTNC25","Harmony","312","2","3","6",10.0279,"011b","RTNC25-2.3.6","2.19",2025-12-02 10:08:00,2025-12-02 10:10:00,4984,"10:09",12022025,26,26,"","10:09:02",5168.59166666667,4893,4470.16218518519,1.00002314814815,2192.54636010605,203.776783535819
36,"RTNC25","Harmony","312","2","3","6",9.9866,"011c","RTNC25-2.3.6","2.19",2025-12-02 10:10:00,2025-12-02 10:12:00,5898,"10:11",12022025,26,26,"","10:11:02",5688.925,5032,4990.49551851852,1.00002314814815,2447.76192249053,228.4375174495
37,"RTNC25","Harmony","409","2","4","6",10.0217,"012a","RTNC25-2.4.6","2.19",2025-12-02 10:12:00,2025-12-02 10:14:00,4984,"10:13",12022025,26,26,"","10:13:05",5211.62833333333,5191,4513.19885185185,1.00002314814815,2213.65518858745,205.865934498489
38,"RTNC25","Harmony","409","2","4","6",10.0128,"012b","RTNC25-2.4.6","2.19",2025-12-02 10:14:00,2025-12-02 10:16:00,6558,"10:15",12022025,26,26,"","10:15:02",6380.33,5319,5681.90051851852,1.00002314814815,2786.88552769957,259.405691895973
39,"RTNC25","Harmony","409","2","4","6",9.9691,"012c","RTNC25-2.4.6","2.19",2025-12-02 10:16:00,2025-12-02 10:18:00,6827,"10:17",12022025,26,26,"","10:17:10",6647.95833333333,5474,5949.52885185185,1.00002314814815,2918.15314256508,272.814870837955
40,"RTNC25","Harmony","105","2","1","12",10.0304,"013a","RTNC25-2.1.12","2.19",2025-12-02 10:18:00,2025-12-02 10:20:00,3232,"10:19",12022025,26,26,"","10:19:01",3453.18833333333,5626,2754.75885185185,1.00002314814815,1351.16719335486,125.547119178371
41,"RTNC25","Harmony","105","2","1","12",10.0187,"013b","RTNC25-2.1.12","2.19",2025-12-02 10:20:00,2025-12-02 10:22:00,3790,"10:21",12022025,26,26,"extra pause?","10:21:05",3548.565,5769,2850.13551851852,1.00002314814815,1397.94799339655,130.045567772823
42,"RTNC25","Harmony","105","2","1","12",9.9852,"013c","RTNC25-2.1.12","2.19",2025-12-02 10:22:00,2025-12-02 10:24:00,3951,"10:23",12022025,26,26,"","10:23:07",3684.13833333333,5941,2985.70885185185,1.00002314814815,1464.44464524345,136.688539975854
43,"RTNC25","Harmony","205","2","2","12",9.9835,"014a","RTNC25-2.2.12","2.19",2025-12-02 10:24:00,2025-12-02 10:26:00,3392,"10:25",12022025,26,26,"","10:25:01",3282.34833333333,6060,2583.91885185185,1.00002314814815,1267.37277949625,118.314361745932
44,"RTNC25","Harmony","205","2","2","12",9.9873,"014b","RTNC25-2.2.12","2.19",2025-12-02 10:26:00,2025-12-02 10:28:00,3232,"10:27",12022025,26,26,"","10:27:00",3045.27833333333,6168,2346.84885185185,1.00002314814815,1151.09356096745,107.418341175459
45,"RTNC25","Harmony","205","2","2","12",9.955,"014c","RTNC25-2.2.12","2.19",2025-12-02 10:28:00,2025-12-02 10:30:00,3073,"10:29",12022025,26,26,"","10:29:01",2824.53,6320,2126.10051851852,1.00002314814815,1042.8198709538,97.6301476372618
46,"RTNC25","Harmony","312","2","3","12",10.0087,"015a","RTNC25-2.3.12","2.19",2025-12-02 10:30:00,2025-12-02 10:32:00,3712,"10:31",12022025,26,26,"","10:31:05",3510.58166666667,6444,2812.15218518518,1.00002314814815,1379.31774782723,128.440670713976
47,"RTNC25","Harmony","312","2","3","12",10.0416,"015b","RTNC25-2.3.12","2.19",2025-12-02 10:32:00,2025-12-02 10:34:00,3951,"10:33",12022025,26,26,"","10:33:00",3683.68666666667,6595,2985.25718518518,1.00002314814815,1464.22310963356,135.900248782911
48,"RTNC25","Harmony","312","2","3","12",9.9952,"015c","RTNC25-2.3.12","2.19",2025-12-02 10:34:00,2025-12-02 10:36:00,4031,"10:35",12022025,26,26,"","10:35:03",3811.285,6725,3112.85551851852,1.00002314814815,1526.80814563803,142.366855263991
49,"RTNC25","Harmony","409","2","4","12",10.0561,"016a","RTNC25-2.4.12","2.19",2025-12-02 10:36:00,2025-12-02 10:38:00,3552,"10:37",12022025,26,26,"","10:36:59",3351.535,6877,2653.10551851852,1.00002314814815,1301.30778406289,120.60528979889
50,"RTNC25","Harmony","409","2","4","12",10.0384,"016b","RTNC25-2.4.12","2.19",2025-12-02 10:38:00,2025-12-02 10:40:00,4111,"10:39",12022025,26,26,"","10:38:59",3878.59166666667,7011,3180.16218518519,1.00002314814815,1559.82103888381,144.819215038225
51,"RTNC25","Harmony","409","2","4","12",10.0271,"016c","RTNC25-2.4.12","2.19",2025-12-02 10:40:00,2025-12-02 10:42:00,3153,"10:41",12022025,26,26,"","10:41:00",2941.07,7144,2242.64051851852,1.00002314814815,1099.98096315166,102.241152243156
52,"blank","blank","blank","blank","blank","blank",NA,"blank","blank","blank",2025-12-02 10:42:00,2025-12-02 10:44:00,996,"10:43",12022025,26,26,"","10:43:01",735.378333333333,7300,36.9488518518518,1.00002314814815,18.1228481835317,NA
53,"blank","blank","blank","blank","blank","blank",NA,"blank","blank","blank",2025-12-02 10:44:00,2025-12-02 10:46:00,836,"10:45",12022025,26,26,"","10:45:00",656.9075,7430,-41.5219814814815,1.00002314814815,-20.3658985043832,NA
54,"blank","blank","blank","blank","blank","blank",NA,"blank","blank","blank",2025-12-02 10:46:00,2025-12-02 10:48:00,916,"10:47",12022025,26,26,"","10:47:01",702.598666666667,7568,4.16918518518514,1.00002314814815,2.04492173296998,NA
55,"RTNC25","Dover","105","3","1","6",9.9822,"017a","RTNC25-3.1.6","2.43",2025-12-02 10:48:00,2025-12-02 10:50:00,5629,"10:49",12022025,26,26,"","10:49:01",5480.895,7718,4782.46551851852,1.00002314814815,2345.7263809604,219.011539245366
56,"RTNC25","Dover","105","3","1","6",10.0274,"017b","RTNC25-3.1.6","2.43",2025-12-02 10:50:00,2025-12-02 10:52:00,4990,"10:51",12022025,26,26,"","10:51:03",4794.32333333333,7840,4095.89385185185,1.00002314814815,2008.97345201951,186.724700050081
57,"RTNC25","Dover","105","3","1","6",9.987,"017c","RTNC25-3.1.6","2.43",2025-12-02 10:52:00,2025-12-02 10:54:00,6028,"10:53",12022025,26,26,"","10:53:02",5749.95,7981,5051.52051851852,1.00002314814815,2477.6937540623,231.22164601843
58,"RTNC25","Dover","205","3","2","6",10.0155,"018a","RTNC25-3.2.6","2.43",2025-12-02 10:54:00,2025-12-02 10:56:00,6028,"10:55",12022025,26,26,"","10:55:00",5859.015,8119,5160.58551851852,1.00002314814815,2531.18847279029,235.541676066152
59,"RTNC25","Dover","205","3","2","6",10.0507,"018b","RTNC25-3.2.6","2.43",2025-12-02 10:56:00,2025-12-02 10:58:00,5948,"10:57",12022025,26,26,"","10:56:59",5739.095,8244,5040.66551851852,1.00002314814815,2472.36954215388,229.262480552341
60,"RTNC25","Dover","205","3","2","6",9.9992,"018c","RTNC25-3.2.6","2.43",2025-12-02 10:58:00,2025-12-02 11:00:00,3871,"10:59",12022025,26,26,"","10:58:59",3643.48166666667,8379,2945.05218518518,1.00002314814815,1444.50317045547,134.638466563775
61,"RTNC25","Dover","312","3","3","6",10.0225,"019a","RTNC25-3.3.6","2.43",2025-12-02 11:00:00,2025-12-02 11:02:00,5309,"11:01",12022025,26,26,"","11:01:02",5145.17333333333,8527,4446.74385185185,1.00002314814815,2181.0600248496,202.818452797189
62,"RTNC25","Dover","312","3","3","6",10.0143,"019b","RTNC25-3.3.6","2.43",2025-12-02 11:02:00,2025-12-02 11:04:00,6747,"11:03",12022025,26,26,"","11:03:00",6526.865,8666,5828.43551851852,1.00002314814815,2858.75870982771,266.055851887743
63,"RTNC25","Dover","312","3","3","6",10.0012,"019c","RTNC25-3.3.6","2.43",2025-12-02 11:04:00,2025-12-02 11:06:00,5709,"11:05",12022025,26,26,"","11:05:01",5502.47833333333,8794,4804.04885185185,1.00002314814815,2356.31267670953,219.581991630333
64,"RTNC25","Dover","409","3","4","6",9.9897,"020a","RTNC25-3.4.6","2.43",2025-12-02 11:06:00,2025-12-02 11:08:00,5070,"11:07",12022025,26,26,"","11:07:05",4866.34666666667,8952,4167.91718518519,1.00002314814815,2044.29979831317,190.725188146579
65,"RTNC25","Dover","409","3","4","6",9.9929,"020b","RTNC25-3.4.6","2.43",2025-12-02 11:08:00,2025-12-02 11:10:00,6587,"11:09",12022025,26,26,"","11:09:00",6423.59,9079,5725.16051851852,1.00002314814815,2808.10389777405,261.901233148076
66,"RTNC25","Dover","409","3","4","6",10.0411,"020c","RTNC25-3.4.6","2.43",2025-12-02 11:10:00,2025-12-02 11:12:00,6507,"11:11",12022025,26,26,"","11:11:00",6319.48833333333,9210,5621.05885185185,1.00002314814815,2757.04361833107,255.904696924098
67,"RTNC25","Dover","105","3","1","12",10.0093,"021a","RTNC25-3.1.12","2.43",2025-12-02 11:12:00,2025-12-02 11:14:00,5469,"11:13",12022025,26,26,"","11:13:00",5294.16,9354,4595.73051851852,1.00002314814815,2254.13571207789,209.890250432757
68,"RTNC25","Dover","105","3","1","12",10.019,"021b","RTNC25-3.1.12","2.43",2025-12-02 11:14:00,2025-12-02 11:16:00,5309,"11:15",12022025,26,26,"","11:15:02",5085.88666666667,9498,4387.45718518519,1.00002314814815,2151.98081925979,200.184262256724
69,"RTNC25","Dover","105","3","1","12",10.0364,"021c","RTNC25-3.1.12","2.43",2025-12-02 11:16:00,2025-12-02 11:18:00,6028,"11:17",12022025,26,26,"","11:17:48",4798.92666666667,9592,4100.49718518519,1.00002314814815,2011.23131679627,186.766927110729
70,"RTNC25","Dover","205","3","2","12",10.02,"022a","RTNC25-3.2.12","2.43",2025-12-02 11:18:00,2025-12-02 11:20:00,5788,"11:19",12022025,26,26,"forgot to resume last sample, resumed and paused fast here","11:19:07",5003.24,9595,4304.81051851852,1.00002314814815,2111.44389002365,196.393782984236
71,"RTNC25","Dover","205","3","2","12",10.0292,"022b","RTNC25-3.2.12","2.43",2025-12-02 11:20:00,2025-12-02 11:22:00,5709,"11:21",12022025,26,26,"","11:20:59",5483.625,9726,4785.19551851852,1.00002314814815,2347.06540431462,218.109615604557
72,"RTNC25","Dover","205","3","2","12",10.021,"022c","RTNC25-3.2.12","2.43",2025-12-02 11:22:00,2025-12-02 11:24:00,4910,"11:23",12022025,26,26,"forgot to resume last sample, resumed and paused fast here","11:23:09",4667.98666666667,9740,3969.55718518519,1.00002314814815,1947.00724426849,181.080805474327
73,"RTNC25","Dover","312","3","3","12",9.988,"023a","RTNC25-3.3.12","2.43",2025-12-02 11:24:00,2025-12-02 11:26:00,5309,"11:25",12022025,26,26,"","11:25:01",5107.83333333333,9881,4409.40385185185,1.00002314814815,2162.74532446632,201.810036283801
74,"RTNC25","Dover","312","3","3","12",10.0091,"023b","RTNC25-3.3.12","2.43",2025-12-02 11:26:00,2025-12-02 11:28:00,5229,"11:27",12022025,26,26,"","11:27:00",5000.67666666667,10023,4302.24718518519,1.00002314814815,2110.18661412696,196.490586003369
75,"RTNC25","Dover","312","3","3","12",10.0038,"023c","RTNC25-3.3.12","2.43",2025-12-02 11:28:00,2025-12-02 11:30:00,6108,"11:29",12022025,26,26,"","11:29:01",5903.21,10179,5204.78051851852,1.00002314814815,2552.86544610146,237.836681637634
76,"RTNC25","Dover","409","3","4","12",9.989,"024a","RTNC25-3.4.12","2.43",2025-12-02 11:30:00,2025-12-02 11:32:00,5070,"11:31",12022025,26,26,"","11:31:04",4803.75666666667,10316,4105.32718518519,1.00002314814815,2013.60035811527,187.874215012857
77,"RTNC25","Dover","409","3","4","12",9.9838,"024b","RTNC25-3.4.12","2.43",2025-12-02 11:32:00,2025-12-02 11:34:00,4990,"11:33",12022025,26,26,"","11:33:00",4726.865,10449,4028.43551851852,1.00002314814815,1975.88616858737,184.451402183881
78,"RTNC25","Dover","409","3","4","12",10.0197,"024c","RTNC25-3.4.12","2.43",2025-12-02 11:34:00,2025-12-02 11:36:00,5070,"11:35",12022025,26,26,"","11:35:00",4820.77666666667,10593,4122.34718518519,1.00002314814815,2021.94840847744,188.0750837551
79,"RTNC25","Elgin","105","4","1","6",10.0102,"025a","RTNC25-4.1.6","2.43",2025-12-02 11:36:00,2025-12-02 11:38:00,4590,"11:37",12022025,26,26,"","11:37:00",4451.92333333333,10724,3753.49385185185,1.00002314814815,1841.03147528579,171.409296014701
80,"RTNC25","Elgin","105","4","1","6",9.9918,"025b","RTNC25-4.1.6","2.43",2025-12-02 11:38:00,2025-12-02 11:40:00,4590,"11:39",12022025,26,26,"","11:39:00",4355.19,10863,3656.76051851852,1.00002314814815,1793.58525093987,167.299330838884
81,"RTNC25","Elgin","105","4","1","6",10.0566,"025c","RTNC25-4.1.6","2.43",2025-12-02 11:40:00,2025-12-02 11:42:00,4990,"11:41",12022025,26,26,"","11:41:00",4731.4,10993,4032.97051851852,1.00002314814815,1978.11051690655,183.322295980442
82,"RTNC25","Elgin","205","4","2","6",10.031,"026a","RTNC25-4.2.6","2.43",2025-12-02 11:42:00,2025-12-02 11:44:00,4510,"11:43",12022025,26,26,"","11:43:04",4325.47833333333,11146,3627.04885185185,1.00002314814815,1779.01213168738,165.291526939751
83,"RTNC25","Elgin","205","4","2","6",10.0204,"026b","RTNC25-4.2.6","2.43",2025-12-02 11:44:00,2025-12-02 11:46:00,5229,"11:45",12022025,26,26,"","11:45:00",5014.01333333333,11274,4315.58385185185,1.00002314814815,2116.72804567789,196.877423912398
84,"RTNC25","Elgin","205","4","2","6",9.9857,"026c","RTNC25-4.2.6","2.43",2025-12-02 11:46:00,2025-12-02 11:48:00,4990,"11:47",12022025,26,26,"","11:46:58",4758.43833333333,11409,4060.00885185185,1.00002314814815,1991.37240694039,185.861690544323
85,"RTNC25","Elgin","312","4","3","6",9.9836,"027a","RTNC25-4.3.6","2.43",2025-12-02 11:48:00,2025-12-02 11:50:00,5070,"11:49",12022025,26,26,"","11:49:00",4869.375,11542,4170.94551851852,1.00002314814815,2045.78514961635,190.980383773633
86,"RTNC25","Elgin","312","4","3","6",10.0018,"027b","RTNC25-4.3.6","2.43",2025-12-02 11:50:00,2025-12-02 11:52:00,5070,"11:51",12022025,26,26,"","11:51:02",4821.34333333333,11684,4122.91385185185,1.00002314814815,2022.22634983301,188.43757704057
87,"RTNC25","Elgin","312","4","3","6",9.9989,"027c","RTNC25-4.3.6","2.43",2025-12-02 11:52:00,2025-12-02 11:54:00,4351,"11:53",12022025,26,26,"","11:52:59",4168.435,11810,3470.00551851852,1.00002314814815,1701.98477236246,158.642431451641
88,"RTNC25","Elgin","409","4","4","6",9.9964,"028a","RTNC25-4.4.6","2.43",2025-12-02 11:54:00,2025-12-02 11:56:00,4431,"11:55",12022025,26,26,"","11:55:00",4183.09666666667,11945,3484.66718518518,1.00002314814815,1709.1760962007,159.352579094379
89,"RTNC25","Elgin","409","4","4","6",9.9843,"028b","RTNC25-4.4.6","2.43",2025-12-02 11:56:00,2025-12-02 11:58:00,4031,"11:57",12022025,26,26,"","11:57:01",3802.60166666667,12077,3104.17218518518,1.00002314814815,1522.54910310112,142.124712207189
90,"RTNC25","Elgin","409","4","4","6",10.011,"028c","RTNC25-4.4.6","2.43",2025-12-02 11:58:00,2025-12-02 12:00:00,5229,"11:59",12022025,26,26,"","11:59:02",5045.665,12224,4347.23551851852,1.00002314814815,2132.25270533594,198.507593784147
91,"RTNC25","Elgin","105","4","1","12",9.9895,"029a","RTNC25-4.1.12","2.43",2025-12-02 12:00:00,2025-12-02 12:02:00,4830,"12:01",12022025,26,26,"","12:01:02",4578.725,12355,3880.29551851852,1.00002314814815,1903.22575844329,177.567086127349
92,"RTNC25","Elgin","105","4","1","12",10,"029b","RTNC25-4.1.12","2.43",2025-12-02 12:02:00,2025-12-02 12:04:00,3871,"12:03",12022025,26,26,"","12:03:00",3671.22833333333,12478,2972.79885185185,1.00002314814815,1458.11248718378,135.896083805528
93,"RTNC25","Elgin","105","4","1","12",10.0014,"029c","RTNC25-4.1.12","2.43",2025-12-02 12:04:00,2025-12-02 12:06:00,4670,"12:05",12022025,26,26,"accidentally paused again after resuming","12:05:02",4442.50166666667,12613,3744.07218518518,1.00002314814815,1836.41029151206,171.129481041578
94,"RTNC25","Elgin","205","4","2","12",9.9808,"030a","RTNC25-4.2.12","2.43",2025-12-02 12:06:00,2025-12-02 12:08:00,4111,"12:07",12022025,26,26,"","12:07:00",3860.09166666667,12740,3161.66218518519,1.00002314814815,1550.74707109884,144.807657729252
95,"RTNC25","Elgin","205","4","2","12",10.0315,"030b","RTNC25-4.2.12","2.43",2025-12-02 12:08:00,2025-12-02 12:10:00,4031,"12:09",12022025,26,26,"","12:09:00",3823.36833333333,12883,3124.93885185185,1.00002314814815,1532.73483630839,142.402319437713
96,"RTNC25","Elgin","205","4","2","12",9.9753,"030c","RTNC25-4.2.12","2.43",2025-12-02 12:10:00,2025-12-02 12:12:00,4351,"12:11",12022025,26,26,"","12:11:00",4092.59,12999,3394.16051851852,1.00002314814815,1664.78395686781,155.542053652602
97,"RTNC25","Elgin","312","4","3","12",10.0001,"031a","RTNC25-4.3.12","2.43",2025-12-02 12:12:00,2025-12-02 12:14:00,4191,"12:13",12022025,26,26,"","12:13:02",3969.24166666667,13131,3270.81218518519,1.00002314814815,1604.28348103017,149.517725254759
98,"RTNC25","Elgin","312","4","3","12",10.0009,"031b","RTNC25-4.3.12","2.43",2025-12-02 12:14:00,2025-12-02 12:16:00,4431,"12:15",12022025,26,26,"","12:14:59",4231.30666666667,13240,3532.87718518518,1.00002314814815,1732.82236576358,161.484510883186
99,"RTNC25","Elgin","312","4","3","12",10.0133,"031c","RTNC25-4.3.12","2.43",2025-12-02 12:16:00,2025-12-02 12:18:00,4111,"12:17",12022025,26,26,"","12:17:02",3927.165,13378,3228.73551851852,1.00002314814815,1583.6455179041,147.39972064021
100,"RTNC25","Elgin","409","4","4","12",9.9995,"032a","RTNC25-4.4.12","2.43",2025-12-02 12:18:00,2025-12-02 12:20:00,2833,"12:19",12022025,26,26,"","12:19:01",2655.50166666667,13470,1957.07218518518,1.00002314814815,959.914051958456,89.4684630656814
101,"RTNC25","Elgin","409","4","4","12",10.0142,"032b","RTNC25-4.4.12","2.43",2025-12-02 12:20:00,2025-12-02 12:22:00,3552,"12:21",12022025,26,26,"","12:20:57",3415.09833333333,13594,2716.66885185185,1.00002314814815,1332.48462941273,124.011471172202
102,"RTNC25","Elgin","409","4","4","12",9.9902,"032c","RTNC25-4.4.12","2.43",2025-12-02 12:22:00,2025-12-02 12:24:00,3312,"12:23",12022025,26,26,"","12:23:02",3112.71333333333,13713,2414.28385185185,1.00002314814815,1184.16939975553,110.472851451638
103,"blank","blank","blank","blank","blank","blank",NA,"blank","blank","blank",2025-12-02 12:24:00,2025-12-02 12:26:00,916,"12:25",12022025,26,26,"","12:25:00",689.9805,13857,-8.4489814814815,1.00002314814815,-4.14409652858228,NA
104,"blank","blank","blank","blank","blank","blank",NA,"blank","blank","blank",2025-12-02 12:26:00,2025-12-02 12:28:00,916,"12:27",12022025,26,26,"","12:27:05",684.8715,14031,-13.5579814814815,1.00002314814815,-6.64998309146945,NA
105,"blank","blank","blank","blank","blank","blank",NA,"blank","blank","blank",2025-12-02 12:28:00,2025-12-02 12:30:00,NA,"12:29",12022025,26,26,"","12:29:01",695.8665,NA,-2.56298148148153,1.00002314814815,-1.2571033187264,NA
